<interface  xmlns:xsi="http://www.w3.org/2001/XMLSchema-instance"
	xmlns="http://learnityframework.org/"
	xsi:schemaLocation="http://learnityframework.org/ http://localhost:8080/learnitymsme/xsd/Interface.xsd"
	id="NoteBook" title="LMS Student NoteBook" type="Interface">

	<configuration TemplateID="GridTreeNew"></configuration>

	<structure>
		<part id="nbmain" class="label"></part>
		<part id="nblogobox" class="label"></part>
		<part id="nbtitle" class="label"></part>
		<part id="topimg" class="label"></part>
		<part id="topbar" class="image"></part>
		<part id="quit" class="textlink"></part>
		<part id="help" class="textlink"></part>
		<part id="personalnotes" class="label"></part>
		<part id="sharednotes" class="label"></part>
		<part id="courselable" class="label"></part>
		<part id="selectcourse" class="label"></part>
		<part id="userlable" class="label"></part>
		<part id="selectuser" class="label"></part>
		<part id="unitlable" class="label"></part>
		<part id="selectunit" class="label"></part>
		<part id="go" class="button"></part>
		<part id="treebox1" class="label"></part>
		<part id="treebox" class="tree" treedataremotefunction="NoteBookUtil.treeConstruct" 
		      onselectremotefunction="f12"  autocollapse="true" initialiseonload="false" ></part>
		<part id="notemain" class="label"></part>
		<part id="notedate" class="label"></part>
		<part id="sublable" class="label"></part>
		<part id="subtxt" class="inputtext" size="45"></part>
		<part id="noteslable" class="label"></part>
		<part id="notes" class="textarea" rows="10" cols="77"></part>
		<part id="attachment" class="textlink"></part>
		<part id="add" class="textlink"></part>
		<part id="delete" class="textlink"></part>
		<part id="modify" class="textlink"></part>
		<part id="publish" class="textlink"></part>
		<part id="nbattachments" class="label"></part>				
		<part id="nbajaxcomp" class="ajaxcomponent"></part>
	</structure>

	<layout id="notebooklayout1">
			<part id="nbmain" height="100%" width="100%" left="0px" top="0px" position="absolute"></part>
			<part id="nblogobox" height="25px" width="30px" left="10px" top="10px" position="absolute" parent_id="nbmain"></part>
			<part id="nbtitle" height="25px" width="200px" left="40px" top="10px" position="absolute" parent_id="nbmain"></part>
			<part id="topimg" height="20px" width="20px" left="220px" top="10px" position="absolute" parent_id="nbmain"></part>
			<part id="topbar" height="1px" width="75%" left="238px" top="34px" position="absolute" parent_id="nbmain"></part>
			<part id="quit" left="88%" top="10px" position="absolute" parent_id="nbmain"></part>
			<part id="help" left="95%" top="10px" position="absolute" parent_id="nbmain"></part>
			<part id="personalnotes" left="20%" top="35px" position="absolute" parent_id="nbmain"></part>
			<part id="sharednotes" left="65%" top="35px" position="absolute" parent_id="nbmain"></part>
			<part id="courselable" width="120px" left="15px" top="55px" position="absolute" parent_id="nbmain"></part>
			<part id="selectcourse" height="25px" left="85px" top="55px" position="absolute" parent_id="nbmain"></part>
			<part id="userlable" width="120px" left="460px" top="55px" position="absolute" parent_id="nbmain"></part>
			<part id="selectuser" height="25px" left="525px" top="53px" position="absolute" parent_id="nbmain"></part>
			<part id="unitlable" width="120px" left="460px" top="75px" position="absolute" parent_id="nbmain"></part>
			<part id="selectunit" height="25px" left="525px" top="75px" position="absolute" parent_id="nbmain"></part>
			<part id="go" height="20px" width="25px" left="875px" top="75px" position="absolute" parent_id="nbmain"></part>
			<part id="treebox1" height="490px" width="330px" left="10px" top="105px" position="absolute" parent_id="nbmain"></part>
			<part id="treebox" height="100%" width="150%" position="absolute" parent_id="treebox1"></part>
			<part id="notemain" height="220px" width="455px" left="460px" top="105px" position="absolute" parent_id="nbmain"></part>
			<part id="notedate" height="20px" width="455px" left="460px" top="330px" position="absolute" parent_id="nbmain"></part>
			<part id="sublable" height="18px" width="50px" left="460px" top="355px" position="absolute" parent_id="nbmain"></part>
			<part id="subtxt" height="20px" left="510px" top="353px" position="absolute" parent_id="nbmain"></part>
			<part id="noteslable" height="20px" width="50px" left="460px" top="385px" position="absolute" parent_id="nbmain"></part>
			<part id="notes" left="495px" top="385px" position="absolute" parent_id="nbmain"></part>
			<part id="attachment" height="20px" left="460px" top="535px" position="absolute" parent_id="nbmain"></part>
			<part id="add" height="20px" width="80px" left="496px" top="578px" position="absolute" parent_id="nbmain"></part>
			<part id="delete" height="20px" width="80px" left="610px" top="578px" position="absolute" parent_id="nbmain"></part>
			<part id="modify" height="20px" width="80px" left="722px" top="578px" position="absolute" parent_id="nbmain"></part>
			<part id="publish" height="20px" width="80px" left="832px" top="578px" position="absolute" parent_id="nbmain"></part>
			<part id="nbattachments" height="20px" left="550px" top="510px" position="absolute" parent_id="nbmain"></part>
			
			<part id="nbajaxcomp" parent_id="nbmain"></part>
		
	</layout>

	<content id="notebookcontent1">
		<part id="nbtitle" value="NoteBook" valuetype="inline"></part>
		<part id="topbar" value="topbarimg" valuetype="reference"></part>
		<part id="quit" value="Quit" valuetype="inline"></part>
		<part id="help" value="Help" valuetype="inline"></part>
		<part id="personalnotes" value="Personal Notes" valuetype="inline"></part>
		<part id="sharednotes" value="Shared Notes" valuetype="inline"></part>
		<part id="courselable" value="Unit Name :" valuetype="inline"></part>
		<part id="userlable" value="User Name :" valuetype="inline"></part>
		<part id="unitlable" value="Unit Name :" valuetype="inline"></part>
		<part id="go" value="Go" valuetype="inline"></part>
		<part id="sublable" value="Subject : " valuetype="inline"></part>
		<part id="noteslable" value="Note : " valuetype="inline"></part>
		<part id="attachment" value="Attach Files" valuetype="inline"></part>
		<part id="add" value="Add Note" valuetype="inline"></part>
		<part id="delete" value="Delete Note" valuetype="inline"></part>
		<part id="modify" value="Modify Note" valuetype="inline"></part>
		<part id="publish" value="Publish Note" valuetype="inline"></part>
	</content>

	<style id="notebookstyle1">
		<part id="root" value="[CDATA[background-color: #99CCCC]]" valuetype="inline"></part>
		<part id="nbmain" value="[CDATA[background-color: #99CCCC]]" valuetype="inline"></part>
		<part id="nblogobox" value="[CDATA[background: url(../images/SmallLogo.gif) no-repeat;background-color: #006699]]" valuetype="inline"></part>
		<part id="nbtitle" value="[CDATA[background-color: #006699;color: #FFCC33;font-family:Verdana,sans-serif;font-size:16px;font-weight:bold]]" valuetype="inline"></part>
		<part id="topimg" value="[CDATA[z-index:1;background: url(../images/tr20x20.gif) no-repeat;background-color: #006699]]" valuetype="inline"></part>
		<part id="quit" value="[CDATA[cursor:pointer;text-decoration:none;color:white;font-family:Verdana,Helvetica,sans-serif;font-size:12px;font-weight:bold]]" valuetype="inline"></part>
		<part id="help" value="[CDATA[cursor:pointer;text-decoration:none;color:white;font-family:Verdana,Helvetica,sans-serif;font-size:12px;font-weight:bold]]" valuetype="inline"></part>
		<part id="personalnotes" value="[CDATA[color:black;font-family:Verdana,Helvetica,sans-serif;font-size:xx-small;font-weight:bold]]" valuetype="inline"></part>
		<part id="sharednotes" value="[CDATA[color:black;font-family:Verdana,Helvetica,sans-serif;font-size:xx-small;font-weight:bold]]" valuetype="inline"></part>
		<part id="courselable" value="[CDATA[color:black;font-family:Verdana,Helvetica,sans-serif;font-size:xx-small;font-weight:bold]]" valuetype="inline"></part>
		<part id="userlable" value="[CDATA[color:black;font-family:Verdana,Helvetica,sans-serif;font-size:xx-small;font-weight:bold]]" valuetype="inline"></part>
		<part id="unitlable" value="[CDATA[color:black;font-family:Verdana,Helvetica,sans-serif;font-size:xx-small;font-weight:bold]]" valuetype="inline"></part>
		<part id="treebox1" value="[CDATA[border:1px solid black;background-color: #cbbf95; overflow:auto;]]" valuetype="inline"></part>
		<part id="notemain" value="[CDATA[background-color:white;font-family:Verdana,Arial,Helvetica;font-size:11px]]" valuetype="inline"></part>
		<part id="notedate" value="[CDATA[font-family:Verdana,Helvetica,sans-serif;font-size:9px;font-weight:bold]]" valuetype="inline"></part>
		<part id="sublable" value="[CDATA[font-family:Verdana,Helvetica,sans-serif;font-size:9px;font-weight:bold]]" valuetype="inline"></part>
		<part id="subtxt" value="[CDATA[font-family:Verdana,Helvetica,sans-serif;font-size:9px;font-weight:bold]]" valuetype="inline"></part>
		<part id="noteslable" value="[CDATA[font-family:Verdana,Helvetica,sans-serif;font-size:9px;font-weight:bold]]" valuetype="inline"></part>
		<part id="notes" value="[CDATA[overflow:auto;font-family:Verdana,Helvetica,sans-serif;font-size:9px;font-weight:bold]]" valuetype="inline"></part>
		<part id="attachment" value="[CDATA[font-family:Verdana,Helvetica,sans-serif;font-size:9px;font-weight:bold]]" valuetype="inline"></part>
		<part id="add" value="[CDATA[font-family:tahoma,sans-serif,serif;font-size:11px;font-weight:400;background-color:#D6E7EF;border-right-color:#104A7B;border-bottom-color:#104A7B;border-right-style:solid;border-bottom-style:solid;border-right-width:1px;border-bottom-width:1px]]" valuetype="inline"></part>
		<part id="modify" value="[CDATA[font-family:tahoma,sans-serif,serif;font-size:11px;font-weight:400;background-color:#D6E7EF;border-right-color:#104A7B;border-bottom-color:#104A7B;border-right-style:solid;border-bottom-style:solid;border-right-width:1px;border-bottom-width:1px]]" valuetype="inline"></part>
		<part id="delete" value="[CDATA[font-family:tahoma,sans-serif,serif;font-size:11px;font-weight:400;background-color:#D6E7EF;border-right-color:#104A7B;border-bottom-color:#104A7B;border-right-style:solid;border-bottom-style:solid;border-right-width:1px;border-bottom-width:1px]]" valuetype="inline"></part>
		<part id="publish" value="[CDATA[font-family:tahoma,sans-serif,serif;font-size:11px;font-weight:400;background-color:#D6E7EF;border-right-color:#104A7B;border-bottom-color:#104A7B;border-right-style:solid;border-bottom-style:solid;border-right-width:1px;border-bottom-width:1px]]" valuetype="inline"></part>
		<part id="nbattachments" value="[CDATA[font-family:Verdana,Helvetica,sans-serif;font-size:9px;font-weight:bold]]" valuetype="inline"></part>
	</style>

	<behaviour id="notebookevents1">
		<part id="quit">
			<event name="onclick" type="simple" function="Quit" valuetype="jsevent" resourceid="nbjs"></event>
		</part>
		<part id="help">
			<event name="onclick" type="simple" function="Help" valuetype="jsevent" resourceid="nbjs"></event>
		</part>
		<part id="go">
			<event name="onclick" type="simple" function="goonclick" valuetype="jsevent" resourceid="nbjs"></event>
		</part>
<!--
		<part id="treebox">
			<event name="" type="simple" function="" callback="" javaclass="" target="" valuetype="" resourceid="nbportalresource"></event>
		</part>
-->
		<part id="attachment">
			<event name="onclick" type="simple" function="attach" valuetype="jsevent" resourceid="nbjs"></event>
		</part>
		<part id="add">
			<event name="onclick" type="simple" function="addNote" valuetype="jsevent" resourceid="nbjs"></event>
		</part>
		<part id="modify">
			<event name="onclick" type="simple" function="editNote" valuetype="jsevent" resourceid="nbjs"></event>
		</part>
		<part id="delete">
			<event name="onclick" type="simple" function="deleteNote" valuetype="jsevent" resourceid="nbjs"></event>
		</part>
		<part id="publish">
			<event name="onclick" type="simple" function="publishNote" valuetype="jsevent" resourceid="nbjs"></event>
		</part>
		<part id="nbattachments">
			<event name="onclick" type="simple" function="attach" valuetype="jsevent" resourceid="nbjs"></event>
		</part>
		<part id="nbajaxcomp">
			<event name="ajax" function="dummy" javaclass="NoteBookUtil"></event>
		</part>
	</behaviour>

	<resource>
		<resourceitem id="nbjs" href="notebook.js" valuetype="js"></resourceitem>
		<resourceitem id="topbarimg" href="topbar.jpg" valuetype="image"></resourceitem>
	</resource>

</interface>
