<interface  xmlns:xsi="http://www.w3.org/2001/XMLSchema-instance"
	xmlns="http://learnityframework.org/"
	xsi:schemaLocation="http://learnityframework.org/ http://localhost:8080/learnitymsme/xsd/Interface.xsd"
	id="DeliveryEngine" title="LMS Content Delivery" type="Interface">

	<configuration TemplateID="GridTree"></configuration>

	<structure>
		
		<part id="deliverymain" class="label"></part>
		<part id="deliverytop" class="label"></part>
		<part id="notebooklink" class="label"></part>
		<part id="quitlink" class="label"></part>
		<part id="deliverytopstrip" class="label"></part>
		<part id="showhidetoc" class="imagelink"></part>
		<part id="showhidetoclabel" class="textlink"></part>
		<part id="deliverysearchlabel" class="label"></part>
		<part id="query" class="inputtext" size="15"></part>
		<part id="deliverysearchgo" class="button"></part>
		<part id="showtree" class="label"></part>
		<part id="coursename" class="label"></part>
		<part id="treediv" class="tree" treedataremotefunction="launchcourse.treeConstruct" onselectremotefunction="f12"  autocollapse="true" initialiseonload="true"></part>
		<part id="nodeKey" class="hidden"></part>
		<part id="deliveryIframe" class="iframe"></part>
		<part id="ee" class="ajaxcomponent" ></part>
		<part id="previousitem" class="imagelink" ></part>
		<part id="topitem" class="imagelink" ></part>
		<part id="nextitem" class="imagelink" ></part>
		<part id="firstitem" class="imagelink" ></part>
		<part id="lastitem" class="imagelink" ></part>
		<part id="unitedit" class="button" ></part>
		<part id="maxresults" class="inputtext" size="1"></part>
		<part id="contentsearchlabel" class="label"></part>
		<part id="contensearchform" class="form"></part>
		<part id="iframediv" class="label"></part>
	</structure>

	<layout id="DeliveryEnginelayout">
		 
		<part id="deliverymain" height="100%" width="100%" left="0px" top="0px" position="absolute"></part>
		<part id="deliverytopstrip" height="30px" width="100%" left="0px" top="3px" position="absolute" parent_id="deliverymain"></part>
		<part id="showhidetoc" height="30px" width="25px" left="10px" top="0px" position="absolute" parent_id="deliverytopstrip"></part>
		<part id="showhidetoclabel" height="20px" width="70px" left="40px" top="20%" position="absolute" parent_id="deliverytopstrip"></part>
		<part id="showtree" height="625px" width="25%" left="0px" top="36px" position="absolute" parent_id="deliverymain"></part>
		<part id="coursename" parent_id="showtree"></part>
		<part id="treediv" height="95%" width="350%" left="0px" top="0px" position="absolute" parent_id="showtree"></part>
		<part id="iframediv" height="625px" width="75%" left="25%" top="36px" position="absolute" parent_id="deliverymain"></part>
		<part id="deliveryIframe" height="100%" width="100%" left="0px" top="0px" position="absolute" parent_id="iframediv"></part>
		<part id="ee" parent_id="deliverymain"></part>
		<part id="previousitem" height="28px" width="48px" left="140px" top="4%" position="absolute" parent_id="deliverytopstrip"></part>
		<part id="topitem" height="28px" width="48px" left="190px" top="4%" position="absolute" parent_id="deliverytopstrip"></part>
		<part id="firstitem" height="28px" width="48px" left="90px" top="4%" position="absolute" parent_id="deliverytopstrip"></part>
		<part id="lastitem" height="28px" width="48px" left="290px" top="4%" position="absolute" parent_id="deliverytopstrip"></part>		
		<part id="nodeKey" parent_id="deliverymain"></part>
		<part id="nextitem" height="28px" width="48px" left="240px" top="4%" position="absolute" parent_id="deliverytopstrip"></part>
		<part id="contensearchform"  parent_id="deliverytopstrip"></part>
		<part id="deliverysearchlabel"  height="20px" width="50px" left="350px" top="6px" position="absolute" parent_id="contensearchform"></part>
		<part id="query"  height="40px" width="70px" left="390px" top="5px" position="absolute" parent_id="contensearchform"></part>
		<part id="maxresults" height="20px" width="30px" left="615px" top="5px" position="absolute" parent_id="contensearchform"></part>
		<part id="contentsearchlabel" height="20px" width="100px" left="520px" top="20%" position="absolute" parent_id="contensearchform"></part>
		<part id="deliverysearchgo"  height="20px" width="45px" left="670px" top="4px" position="absolute" parent_id="contensearchform"></part>
		<part id="notebooklink" height="20px" width="50px" left="770px" top="6px" position="absolute" parent_id="contensearchform"></part>
		<part id="quitlink" height="20px" width="30px" left="95%" top="6px" position="absolute" parent_id="contensearchform"></part>

	</layout>


	<content id="DeliveryEnginecontent">

		<part id="showhidetoc" value="hidetoc" valuetype="reference"></part>
		<part id="showhidetoclabel" value="Hide toc" valuetype="inline"></part>
		<part id="deliverysearchlabel" value="Search" valuetype="inline"></part>
		<part id="deliverysearchgo" value="GO" valuetype="inline"></part>
		<part id="notebooklink" value="dummy" valuetype="cdata"><![CDATA[<a href="javascript:launchNoteBook()" style="text-decoration:none"><font size="2">NoteBook</font></a>]]></part>
		<part id="quitlink" value="dummy" valuetype="cdata"><![CDATA[<a href="javascript:doConfirm()" style="text-decoration:none"><font size="2">Home</font></a>]]></part>
		<part id="previousitem" value="previousitem" valuetype="reference"></part>
		<part id="topitem" value="topitem" valuetype="reference"></part>
		<part id="nextitem" value="nextitem" valuetype="reference"></part>
		<part id="firstitem" value="firstitem" valuetype="reference"></part>
		<part id="lastitem" value="lastitem" valuetype="reference"></part>
		<part id="unitedit" value="Edit" valuetype="inline"></part>
		<part id="contentsearchlabel" value="Results Per Page" valuetype="inline"></part>

	</content>

	<style id="DeliveryEnginestyle">

		<part id="deliverymain" value="[CDATA[background-color: #FFFFFF]]" valuetype="inline"></part>
		<part id="deliverytop" value="[CDATA[background-color: #FFF7E5]]" valuetype="inline"></part>
		<part id="deliverytopstrip" value="[CDATA[background-color: #8EBCC8]]" valuetype="inline"></part>
		<part id="showhidetoclabel" value="[CDATA[color: #103704;font-weight:bold;text-decoration:none;font-size: 12px;]]" valuetype="inline"></part>
		<part id="deliverysearchlabel" value="[CDATA[color: #103704;font-weight:bold;text-decoration:none;font-size: 12px;]]" valuetype="inline"></part>
		<part id="showtree" value="[CDATA[background-color: #D6D6C0;overflow:auto]]" valuetype="inline"></part>
		<part id="coursename" value="[CDATA[background-color: #D6D6C0]]" valuetype="inline"></part>
		<part id="deliveryIframe" value="[CDATA[background-color: #FFFFFF]]" valuetype="inline"></part>
		<part id="contentsearchlabel" value="[CDATA[color: #103704;font-weight:bold;text-decoration:none;font-size: 12px;]]" valuetype="inline"></part>

	</style>	
	
	<behaviour id="DeliveryEnginebehaviour">
		
		<part id="root">
			<event name="onload" type="simple" function="onload_onclick" valuetype="jsevent" resourceid="deliveryjs"></event>
		</part>
		<part id="ee">
			<event name="ajax" function="dummy" javaclass="launchcourse" ></event>
		</part>
		<part id="treeDiv">
			<event name="onunload" type="simple" function="dummy" valuetype="jsevent" resourceid="treejs"></event>
		</part>
		<part id="deliveryIframe">
			<event name="invokeurl" type="simple" function="./interfaceenginev2.PortalServlet?IID=DeliveryHomePage" valuetype="inline"></event>
		</part>
		<part id="previousitem">
			<event name="onclick" type="simple" function="previousitem1" valuetype="jsevent" resourceid="deliveryjs"></event>
		</part>
		<part id="topitem">
			<event name="onclick" type="simple" function="topitem_onclick" valuetype="jsevent" resourceid="deliveryjs"></event>
		</part>
		<part id="nextitem">
			<event name="onclick" type="simple" function="nextitem1" valuetype="jsevent" resourceid="deliveryjs"></event>
		</part>
		<part id="firstitem">
			<event name="onclick" type="simple" function="firstitem1" valuetype="jsevent" resourceid="deliveryjs"></event>
		</part>
		<part id="lastitem">
			<event name="onclick" type="simple" function="lastitem1" valuetype="jsevent" resourceid="deliveryjs"></event>
		</part>
		<part id="showhidetoc">
			<event name="onclick" type="simple" function="show_hide_toc" valuetype="jsevent" resourceid="deliveryjs"></event>
		</part>
		<part id="showhidetoclabel">
			<event name="onclick" type="simple" function="show_hide_toc" valuetype="jsevent" resourceid="deliveryjs"></event>
		</part>
		<part id="deliverysearchgo">
			<event name="onclick" type="simple" function="delivery_search_onclick" valuetype="jsevent" resourceid="deliveryjs"></event>
		</part>
<!--		<part id="APIAdapter"> 
			<event name="" type="simple" function="org.adl.samplerte.client.APIAdapterApplet.class" callback="" javaclass="" target="" valuetype="" resourceid=""></event>
		</part>
-->		
	</behaviour>

	
	<resource>
		<resourceitem id="deliveryjs" href="deliveryjs.js" valuetype="js"></resourceitem>
		<resourceitem id="previousitem" href="prev.png" valuetype="image"></resourceitem>
		<resourceitem id="topitem" href="home.png" valuetype="image"></resourceitem>
		<resourceitem id="nextitem" href="next.png" valuetype="image"></resourceitem>
		<resourceitem id="firstitem" href="first.png" valuetype="image"></resourceitem>
		<resourceitem id="lastitem" href="last.png" valuetype="image"></resourceitem>
		<resourceitem id="hidetoc" href="hidetoc.gif" valuetype="image"></resourceitem>
		<resourceitem id="treejs" href="dynatree.js" valuetype="js"></resourceitem>
	</resource>
</interface>
