<interface xmlns:xsi="http://www.w3.org/2001/XMLSchema-instance"
	xmlns="http://learnityframework.org/"
	xsi:schemaLocation="http://learnityframework.org/ http://localhost:8080/learnitymsme/xsd/Interface.xsd"
	id="LearnityPortal" title="LearnityPortal" type="Interface">
	<configuration createsession="true" checkrole="true"></configuration>
	<structure>
		<part id="MainScreen" class="label"></part>
		<part id="page-header" class="label"></part>
		<part id="organistaionlogo-container" class="label"></part>
		<part id="organistaionlogo" class="image"></part>
		<part id="portalnamecompany" class="label"></part>
		<part id="user-details" class="label"></part>
		<part id="sender-image-container" class="label"></part>
		<part id="senderImage" class="image"></part>
		<part id="user-text-details" class="label"></part>
		<part id="message" class="label"></part>
		<part id="usertable" class="label"></part>
		<part id="page-container" class="label"></part>
		<part id="topimage" class="label"></part>
		<part id="unitlink_container" class="label"></part>
		<part id="courselink_container" class="label"></part>
		<part id="scelink_container" class="label"></part>
		<part id="forumlink_container" class="label"></part>
		<part id="assessmentlink_container" class="label"></part>
		<part id="noticelink_container" class="label"></part>
		<part id="unitlink" class="tab"></part>
		<part id="courselink" class="tab"></part>
		<part id="scelink" class="tab"></part>
		<part id="forumlink" class="tab"></part>
		<part id="assessmentlink" class="tab"></part>
		<part id="noticelink" class="tab"></part>
		<part id="search" class="label"></part>
		<part id="inputtext_container" class="label"></part>
		<part id="thesearchstring" class="inputtext" tabindex="1"></part>
		<part id="searchgo_container" class="label"></part>
		<part id="searchgo" class="imagelink"></part>
		<part id="logout_container" class="label"></part>
		<part id="logout" class="textlink"></part>
		<part id="page-data-container" class="label"></part>
		<part id="maintab" class="label"></part>
		<part id="calenderlink_container" class="label"></part>
		<part id="calenderlink" class="textlink"></part>
		<part id="notebook_container" class="label"></part>
		<part id="notebook" class="textlink"></part>
		<part id="catalog_container" class="label"></part>
		<part id="catalog" class="textlink"></part>
		<part id="help_container" class="label"></part>
		<part id="help" class="textlink"></part>
		<part id="changeprofile_container" class="label"></part>
		<part id="changeprofile" class="textlink"></part>
		<part id="changepassword_container" class="label"></part>
		<part id="changepassword" class="textlink"></part>
		<part id="email_container" class="label"></part>
		<part id="email" class="textlink"></part>
		<part id="training_container" class="label"></part>
		<part id="training" class="textlink"></part>
		<part id="calenderdiv_container" class="label"></part>
		<part id="calenderdiv" class="iframe"></part>
		<part id="main" class="label"></part>
		<part id="mainsub" class="label"></part>
		<part id="bottombar" class="label"></part>
		<part id="bottombar1" class="label"></part>
		<part id="bottombar2" class="label"></part>
		<part id="bottombar3" class="label"></part>

		<!-- <part id="appname" class="label"></part> <part id="portaltitle" class="label"></part> 
			<part id="organistaionname" class="label"></part> <part id="selfregister" 
			class="label"></part> -->
		<part id="accloginajax" class="ajaxcomponent"></part>
		<part id="accloginajax1" class="ajaxcomponent"></part>

		<!--/****************** CORPORATE***********************/ -->
		<!-- <part id="leftcontent" class="label"></part> <part id="logo" class="label"></part> 
			<part id="teacher" class="label"></part> <part id="rightcontent" class="label"></part> 
			<part id="header" class="label"></part> <part id="headcont" class="label"></part> 
			<part id="headcont1" class="label"></part> <part id="menu" class="label"></part> 
			<part id="mainelement" class="label"></part> <part id="contentgrid" class="label"></part> 
			<part id="footer" class="label"></part> <part id="footalign" class="label"></part> -->
	</structure>
	<layout id="Portallayout">
		<part id="MainScreen"></part>
		<part id="page-header" parent_id="MainScreen"></part>
		<part id="organistaionlogo-container" parent_id="page-header"></part>
		<part id="organistaionlogo" height="50px" parent_id="organistaionlogo-container"></part>
		<part id="portalnamecompany" parent_id="page-header"></part>
		<part id="user-details" parent_id="page-header"></part>
		<part id="sender-image-container" parent_id="user-details"></part>
		<part id="senderImage" parent_id="sender-image-container"></part>
		<part id="user-text-details" parent_id="user-details"></part>
		<part id="message" parent_id="user-text-details"></part>
		<part id="usertable" parent_id="user-text-details"></part>
		<part id="page-container" parent_id="MainScreen"></part>
		<part id="topimage" parent_id="page-container"></part>
		<part id="unitlink_container" parent_id="topimage"></part>
		<part id="unitlink" parent_id="unitlink_container"></part>
		<part id="courselink_container" parent_id="topimage"></part>
		<part id="courselink" parent_id="courselink_container"></part>
		<part id="scelink_container" parent_id="topimage"></part>
		<part id="scelink" parent_id="scelink_container"></part>
		<part id="forumlink_container" parent_id="topimage"></part>
		<part id="forumlink" parent_id="forumlink_container"></part>
		<part id="assessmentlink_container" parent_id="topimage"></part>
		<part id="assessmentlink" parent_id="assessmentlink_container"></part>
		<part id="noticelink_container" parent_id="topimage"></part>
		<part id="noticelink" parent_id="noticelink_container"></part>
		<part id="search" parent_id="topimage"></part>
		<part id="inputtext_container" parent_id="search"></part>
		<part id="thesearchstring" parent_id="inputtext_container"></part>
		<part id="searchgo_container" parent_id="search"></part>
		<part id="searchgo" parent_id="searchgo_container"></part>
		<part id="logout_container" parent_id="search"></part>
		<part id="logout" parent_id="logout_container"></part>
		<part id="page-data-container" parent_id="page-container"></part>
		<part id="maintab" parent_id="page-data-container"></part>
		<part id="calenderlink_container" parent_id="maintab"></part>
		<part id="calenderlink" parent_id="calenderlink_container"></part>
		<part id="notebook_container" parent_id="maintab"></part>
		<part id="notebook" parent_id="notebook_container"></part>
		<part id="catalog_container" parent_id="maintab"></part>
		<part id="catalog" parent_id="catalog_container"></part>
		<part id="help_container" parent_id="maintab"></part>
		<part id="help" parent_id="help_container"></part>
		<part id="changeprofile_container" parent_id="maintab"></part>
		<part id="changeprofile" parent_id="changeprofile_container"></part>
		<part id="changepassword_container" parent_id="maintab"></part>
		<part id="changepassword" parent_id="changepassword_container"></part>
		<part id="email_container" parent_id="maintab"></part>
		<part id="email" parent_id="email_container"></part>
		<part id="training_container" parent_id="maintab"></part>
		<part id="training" parent_id="training_container"></part>
		<part id="calenderdiv_container" parent_id="maintab"></part>
		<part id="calenderdiv" parent_id="calenderdiv_container" width="200px"
			height="auto"></part>
		<part id="main" parent_id="page-data-container"></part>
		<part id="mainsub" parent_id="main"></part>
		<part id="bottombar" parent_id="MainScreen"></part>
		<part id="bottombar1" parent_id="bottombar"></part>
		<part id="bottombar2" parent_id="bottombar"></part>
		<part id="bottombar3" parent_id="bottombar"></part>

		<!-- <part id="portaltitle" parent_id="MainScreen"></part> <part id="organistaionname" 
			parent_id="MainScreen"></part> -->
		<part id="accloginajax" parent_id="MainScreen"></part>
		<part id="accloginajax1" parent_id="MainScreen"></part>


	</layout>


	<content id="Portalcontent">
		<!-- <part id="appname" value="Aunwesha Knowledge Technologies Pvt. Ltd." 
			valuetype="inline"></part> -->
		<part id="organistaionlogo" value="logo" valuetype="reference"></part>
		<!-- <part id="organistaionname" value="Aunwesha Knowledge Tech. Pvt. Ltd." 
			valuetype="inline"></part> -->
		<part id="portalnamecompany" value="Learner Portal" valuetype="inline"></part>
		<part id="searchgo" value="searchgoimg" valuetype="reference"></part>
		<part id="unitlink" value="Unit" valuetype="inline"></part>
		<part id="courselink" value="Course" valuetype="inline"></part>
		<part id="scelink" value="Sce" valuetype="inline"></part>
		<part id="forumlink" value="Forum" valuetype="inline"></part>
		<part id="assessmentlink" value="Assessment" valuetype="inline"></part>
		<part id="noticelink" value="Notice" valuetype="inline"></part>

		<part id="calenderlink" value="Calender" valuetype="inline"></part>
		<part id="training" value="Training" valuetype="inline"></part>
		<part id="changeprofile" value="Change Profile" valuetype="inline"></part>
		<part id="changepassword" value="Change Password" valuetype="inline"></part>
		<part id="email" value="Email" valuetype="inline"></part>
		<part id="catalog" value="Catalog" valuetype="inline"></part>
		<part id="help" value="Help" valuetype="inline"></part>
		<part id="notebook" value="NoteBook" valuetype="inline"></part>
		<part id="logout" value="Logout" valuetype="inline"></part>
	</content>



	<style id="Portalstyle">
		<part id="page-header" value="row row-padding" valuetype="reference"></part>
		<part id="page-header" value="[CDATA[background-color: #F8E492;]]"
			valuetype="inline"></part>
		<part id="organistaionlogo-container" value="col-md-3" valuetype="reference"></part>
		<part id="organistaionlogo-container" value="[CDATA[background-color: #F8E492;]]"
			valuetype="inline"></part>

		<part id="portalnamecompany" value="col-md-4 text-center"
			valuetype="reference"></part>
		<part id="portalnamecompany" value="[CDATA[font-size: xx-large;]]"
			valuetype="inline"></part>
		<part id="user-details" value="col-md-5" valuetype="reference"></part>
		<part id="sender-image-container" value="col-md-4" valuetype="reference"></part>
		<part id="senderImage" value="col-md-12" valuetype="reference"></part>
		<part id="user-text-details" value="col-md-8" valuetype="reference"></part>
		<part id="page-container" value="row" valuetype="reference"></part>
		<part id="page-container" value="[CDATA[background-color: #F0FDA6;]]"
			valuetype="inline"></part>
		<part id="topimage" value="row btn-toolbar btn-default btn col-md-12"
			valuetype="reference"></part>
		<part id="unitlink_container" value="btn-group" valuetype="reference"></part>
		<part id="unitlink" value="btn" valuetype="reference"></part>
		<part id="courselink_container" value="btn-group" valuetype="reference"></part>
		<part id="courselink" value="btn" valuetype="reference"></part>
		<part id="scelink_container" value="btn-group" valuetype="reference"></part>
		<part id="scelink" value="btn" valuetype="reference"></part>
		<part id="forumlink_container" value="btn-group" valuetype="reference"></part>
		<part id="forumlink" value="btn" valuetype="reference"></part>
		<part id="assessmentlink_container" value="btn-group" valuetype="reference"></part>
		<part id="assessmentlink" value="btn" valuetype="reference"></part>
		<part id="noticelink_container" value="btn-group" valuetype="reference"></part>
		<part id="noticelink" value="btn" valuetype="reference"></part>
		<part id="search" value="col-md-4 pull-right" valuetype="reference"></part>
		<part id="inputtext_container" value="col-md-8" valuetype="reference"></part>
		<part id="searchgo_container" value="col-md-2" valuetype="reference"></part>
		<part id="logout_container" value="col-md-2" valuetype="reference"></part>
		<part id="logout" value="btn" valuetype="reference"></part>
		<part id="page-data-container" value="row col-md-12" valuetype="reference"></part>
		<!-- <part id="page-data-container" value="[CDATA[min-height: 550px;]]"
			valuetype="inline"></part> -->
		<part id="maintab" value="btn-default btn col-md-2 btn-group-vertical"
			valuetype="reference"></part>
		<!-- <part id="maintab" value="[CDATA[min-height: 550px;]]" valuetype="inline"></part> -->
		<part id="calenderlink_container" value="col-md-12" valuetype="reference"></part>
		<part id="calenderlink_container" value="[CDATA[border-bottom: 1px solid black;]]"
			valuetype="inline"></part>
		<part id="calenderlink" value="btn pull-left" valuetype="reference"></part>
		<part id="notebook_container" value="col-md-12" valuetype="reference"></part>
		<part id="notebook_container" value="[CDATA[border-bottom: 1px solid black;]]"
			valuetype="inline"></part>
		<part id="notebook" value="btn pull-left" valuetype="reference"></part>
		<part id="catalog_container" value="col-md-12" valuetype="reference"></part>
		<part id="catalog_container" value="[CDATA[border-bottom: 1px solid black;]]"
			valuetype="inline"></part>
		<part id="catalog" value="btn pull-left" valuetype="reference"></part>
		<part id="help_container" value="col-md-12" valuetype="reference"></part>
		<part id="help_container" value="[CDATA[border-bottom: 1px solid black;]]"
			valuetype="inline"></part>
		<part id="help" value="btn pull-left" valuetype="reference"></part>
		<part id="changeprofile_container" value="col-md-12" valuetype="reference"></part>
		<part id="changeprofile_container" value="[CDATA[border-bottom: 1px solid black;]]"
			valuetype="inline"></part>
		<part id="changeprofile" value="btn pull-left" valuetype="reference"></part>
		<part id="changepassword_container" value="col-md-12" valuetype="reference"></part>
		<part id="changepassword_container" value="[CDATA[border-bottom: 1px solid black;]]"
			valuetype="inline"></part>
		<part id="changepassword" value="btn pull-left" valuetype="reference"></part>
		<part id="email_container" value="col-md-12" valuetype="reference"></part>
		<part id="email_container" value="[CDATA[border-bottom: 1px solid black;]]"
			valuetype="inline"></part>
		<part id="email" value="btn pull-left" valuetype="reference"></part>
		<part id="training_container" value="col-md-12" valuetype="reference"></part>
		<part id="training_container"
			value="[CDATA[visibility: hidden;border-bottom: 1px solid black;]]"
			valuetype="inline"></part>
		<part id="training" value="btn pull-left" valuetype="reference"></part>
		<part id="calenderdiv_container" value="col-md-12" valuetype="reference"></part>
		<part id="calenderdiv_container" value="[CDATA[padding-left: 0px;]]"
			valuetype="inline"></part>
		<part id="main" value="col-md-10" valuetype="reference"></part>
		<!-- <part id="main" value="[CDATA[min-height: 550px;]]" valuetype="inline"></part> -->
		<part id="bottombar" value="row row-padding" valuetype="reference"></part>
		<part id="bottombar1" value="col-md-3" valuetype="reference"></part>
		<part id="bottombar2" value="col-md-6 text-center" valuetype="reference"></part>
		<part id="bottombar3" value="col-md-3" valuetype="reference"></part>
		<part id="bottombar" value="[CDATA[background-color: #F8E492;]]"
			valuetype="inline"></part>

	</style>



	<behaviour id="Portalbehaviour">

		<part id="root">
			<event function="onload_click" name="onload" type="simple" valuetype="inline"
				resourceid="accmainjs"></event>
		</part>
		<part id="thesearchstring">
			<event name="onkeypress" type="simple" function="checkEnter"
				valuetype="inline" parameter="event" resourceid="accmainjs"></event>
		</part>

		<part id="searchgo">
			<event name="onclick" type="simple" function="basic_search"
				valuetype="jsevent"></event>
		</part>



		<part id="unitlink">
			<event name="onclick" type="simple" function="unit_onclick"
				valuetype="inline"></event>
		</part>
		<part id="courselink">
			<event name="onclick" type="simple" function="course_onclick"
				valuetype="inline"></event>
		</part>
		<part id="scelink">
			<event name="onclick" type="simple" function="sce_onclick"
				valuetype="inline"></event>
		</part>
		<part id="forumlink">
			<event name="onclick" type="simple" function="forum_onclick"
				valuetype="inline"></event>
		</part>
		<part id="assessmentlink">
			<event name="onclick" type="simple" function="assessment_onclick"
				valuetype="inline"></event>
		</part>

		<part id="noticelink">

			<event name="onclick" type="simple" function="notice_onclick"
				valuetype="inline"></event>

		</part>


		<part id="calenderlink">
			<event name="onclick" type="simple" function="calender_onclick"
				valuetype="jsevent"></event>
		</part>
		<part id="training">
			<event name="onclick" type="simple" function="training_onclick"
				valuetype="jsevent"></event>
		</part>
		<part id="changeprofile">
			<event name="onclick" type="simple" function="change_profile"
				valuetype="jsevent"></event>
		</part>
		<part id="changepassword">
			<event name="onclick" type="simple" function="loadPasswordChange"
				valuetype="jsevent"></event>
		</part>
		<part id="email">
			<event name="invokeurl" type="simple" function="mailto:enq@aunwesha.com"
				valuetype="inline"></event>
		</part>
		<part id="catalog">
			<event name="onclick" type="simple" function="loadCatalog"
				valuetype="jsevent"></event>
		</part>
		<part id="help">
			<event name="onclick" type="simple" function="flink6"
				valuetype="inline"></event>
		</part>
		<part id="notebook">
			<event name="onclick" type="simple" function="loadnotebook"
				valuetype="jsevent"></event>
		</part>
		<part id="logout">
			<event name="onclick" type="simple" function="logout"
				valuetype="jsevent"></event>
		</part>
		<part id="calenderdiv">
			<event name="invokeurl" type="simple"
				function="../coreadmin/servlets/calendarnew.html" target="calenderdiv"
				valuetype="inline" resourceid="calenderhtml"></event>
		</part>
		<part id="accloginajax">
			<event name="ajax" type="simple" javaclass="Portal"></event>
		</part>
		<part id="accloginajax1">
			<event name="ajax" type="simple" javaclass="NoticePOJO"></event>
		</part>

	</behaviour>




	<resource>
		<resourceitem id="logoutimg" href="h_logout.png"
			valuetype="image"></resourceitem>
		<resourceitem id="logo" href="logok.gif" valuetype="image"></resourceitem>
		<resourceitem id="accmainjs" href="mainpage.js"
			valuetype="js"></resourceitem>
		<resourceitem id="userimg" href="h_login.gif" valuetype="image"></resourceitem>
		<resourceitem id="searchgoimg" href="go.gif" valuetype="image"></resourceitem>
		<resourceitem id="maincss" href="main.css" valuetype="css"></resourceitem>
		<resourceitem id="maincss1" href="main1.css" valuetype="css"></resourceitem>
		<resourceitem id="calenderhtml" href="calendernew.html"
			valuetype="html"></resourceitem>
		<resourceitem id="maincsscorporate" href="maincorporate.css"
			valuetype="css"></resourceitem>
		<resourceitem id="accmainjscorporate" href="mainpagecorporate.js"
			valuetype="js"></resourceitem>

	</resource>
</interface>
