<interface xmlns:xsi="http://www.w3.org/2001/XMLSchema-instance"
	xmlns="http://learnityframework.org/"
	xsi:schemaLocation="http://learnityframework.org/ http://localhost:8080/learnitymsme/xsd/Interface.xsd"
	id="ForumMsgMgmt" title="LMS Forum Message Management" type="Interface">
	<structure>
		<part id="BodyDiv" class="label"></part>
		<part id="GridSelectorContainer" class="label"></part>
		<part id="forum_name_label" class="label"></part>
		<part id="thread_title_label" class="label"></part>
		<part id="ForumMsgMgmtAdminGrid" class="Conditionalgrid" caption="Messages for the above forum" >
			
			<selector id="forum_id" class="combo" contentid="ForumMsgMgmtAdminContent" behaviourid="ForumMsgMgmtAdminBehaviour" domaintype="query" value="select forum_id,forum_name from forum" gridrefresh="true" influence="thread_id"></selector>
			
			<selector id="thread_id" class="combo" contentid="ForumMsgMgmtAdminContent" behaviourid="ForumMsgMgmtAdminBehaviour" domaintype="query" value="select thread_id,thread_title from forum_thread where forum_id=%forum_id%" gridrefresh="true"></selector>
			
			<column head="Thread ID"  name="thread_id"  index="1"  width="105" editable="true" hidden="true" key="true" required="false">
				<edit type="text" size="30"></edit>
			</column>
			<column head="Thread Title"  name="thread_title"  index="2"  width="105" editable="true" hidden="true" key="true" required="true">
				<edit type="text" size="30"></edit>
			</column>
			<column head="Messages"  name="b.message"  index="3"  width="305" editable="true" hidden="false" key="false" required="true">
				<edit type="text" size="100"></edit>
			</column>
			<column head="Attachment"  name="b.attachments"  index="4"  width="105" editable="true" hidden="false" key="false" required="true">
				<edit type="text" size="100"></edit>
			</column>
			<column head="Created By"  name="a.created_by"  index="5"  width="105" editable="false" hidden="false" key="false" required="true">
				<edit type="text" size="30"></edit>
			</column>
			<column head="Created On"  name="a.created_on"  index="6"  width="105" editable="false" hidden="false" key="false" required="false">
				<edit type="text" size="30"></edit>
			</column>
						
			<loadquery value="select a.thread_id,a.thread_title,b.message,ifnull(b.attachments,\'No Attachment\'),
			                         a.created_by,date_format(a.created_on,\'%d-%m-%Y %H:%i:%s\') 
							  from forum_thread a,forum_message_body b 
							  where a.forum_id=%forum_id% and thread_id =%thread_id% and a.forum_id=b.forum_id 
							        and a.thread_id=b.message_id"></loadquery>
		
		</part>

	</structure>
	
<!--	
	<layout id="ForumMsgMgmtAdminLayout">
		<part id="BodyDiv"></part>
		<part id="forum_name_label" left="10px" top="10px" position="absolute" parent_id="BodyDiv"></part>
		<part id="thread_title_label" left="400px" top="10px" position="absolute" parent_id="BodyDiv"></part>
		<part id="forum_id" left="140px" top="10px" position="absolute" parent_id="BodyDiv"></part>
		<part id="thread_id" left="530px" top="10px" position="absolute" parent_id="BodyDiv"></part>
		<part id="ForumMsgMgmtAdminGrid" left="20px" top="50px" position="absolute" parent_id="BodyDiv"></part>
	
	</layout>
-->	
	<layout id="ForumMsgMgmtAdminLayout">
		<part id="BodyDiv"></part>
		<part id="GridSelectorContainer" parent_id="BodyDiv"></part>
		<part id="forum_name_label" parent_id="GridSelectorContainer"></part>
		<part id="forum_id" parent_id="GridSelectorContainer"></part>
		<part id="thread_title_label" parent_id="GridSelectorContainer"></part>
		<part id="thread_id" parent_id="GridSelectorContainer"></part>
		<part id="ForumMsgMgmtAdminGrid" parent_id="BodyDiv"></part>
	</layout>

	<content id="ForumMsgMgmtAdminContent">
		<part id="forum_name_label" value="Select Forum:" valuetype="inline"/>
		<part id="thread_title_label"  value="Select Thread:" valuetype="inline"/>
	</content>

	<style id="ForumMsgMgmtAdminStyle">

		<part id="BodyDiv" value="FlexColumnContainer" valuetype="reference"></part>
		
		<part id="GridSelectorContainer" value="FlexRowContainer" valuetype="reference"></part>
		
		<part id="GridSelectorContainer" value="[CDATA[height:10; width:95%;]]" valuetype="inline"></part>
		
		<part id="forum_name_label" value="FlexRowContainerItem" valuetype="reference"></part>

		<part id="forum_id" value="FlexRowContainerItem" valuetype="reference"></part>

		<part id="thread_title_label" value="FlexRowContainerItem" valuetype="reference"></part>

		<part id="thread_id" value="FlexRowContainerItem" valuetype="reference"></part>

		<part id="ForumMsgMgmtAdminGrid" value="FlexColumnContainerItem" valuetype="reference"></part>
		
		<part id="ForumMsgMgmtAdminGrid" value="[CDATA[width:95%;]]" valuetype="inline"></part>

	</style>
	
	<behaviour id="ForumMsgMgmtAdminBehaviour">
	</behaviour>

	
</interface>