<interface xmlns:xsi="http://www.w3.org/2001/XMLSchema-instance"
	xmlns="http://learnityframework.org/"
	xsi:schemaLocation="http://learnityframework.org/ http://localhost:8080/learnitymsme/xsd/Interface.xsd"
	id="PortalUnit" title="PortalUnit" type="InterfaceFragment">
	
	<structure>
		<part id="BodyDiv" class="label"></part>
		<part id="selfregister" class="label"></part>
		<part id="portalgridajax" class="ajaxcomponent"></part>
		<part id="UnitGrid" class="DBgrid" caption="Units" datatype="local" >
			
			<column head="Unit Id"  name="unit_id"  index="1"  width="200" editable="true" hidden="true" key="true" >
				<edit type="text" size="30" />	
			</column>
			<column head="Unit Name"  name="unit_name"  index="2"  width="150" editable="true" hidden="false" key="false" >
				<edit type="text" size="30" /> 	
			</column>
			<column head="Bookmark"  name="bookmark"  index="3"  width="150" editable="true" hidden="false" key="false" >
				<edit type="text" size="30" /> 	
			</column>
			<column head="Last Accessed"  name="last_accessed"  index="4"  width="180" editable="false" hidden="false" key="false" required="false">
				<edit type="text" size="3" /> 	
			</column>
			<column head="Access Allowed Till"  name="access_allowed_till"  index="5"  width="180" editable="false" hidden="false" key="false" required="false">
				<edit type="text" size="3" />
			</column>
			
		</part>
	</structure>
	
	<layout id="portalunitstudentlayout">
		<part id="BodyDiv" height="325px" width="665px" left="1px" top="1px" position="absolute"></part>
		<part id="selfregister" height="20px" width="150px" left="100px" top="1px" position="absolute" parent_id="BodyDiv"></part>
<!--		<part id="UnitGrid" height="260" width="660" left="1px" top="20px" position="absolute" parent_id="BodyDiv"></part> -->
		<part id="UnitGrid" left="1px" top="20px" position="absolute" parent_id="BodyDiv"></part>
		<part id="portalgridajax" parent_id="BodyDiv"></part>
	</layout>
	<style id="portalunitstyle">
		<part id="selfregister" value="[CDATA[text-align:center;]]" valuetype="inline"></part>
	</style>
	<behaviour id="portalunitbehaviour">
<!--		<part id="selfregister">
			<event name="onclick" type="simple" function="selfRegistration_onClick" callback="" javaclass="" target="" valuetype="inline" resourceid=""></event>
		</part>
-->
		<part id="portalgridajax">
			<event name="ajax" function="dummy" valuetype="inline" type="simple" javaclass="Portal" ></event>
		</part>
	</behaviour>
	<resource>
		<resourceitem id="portalunitjs" href="portalunit.js" valuetype="js"></resourceitem>
	</resource>


</interface>	

