<interface xmlns:xsi="http://www.w3.org/2001/XMLSchema-instance"
	xmlns="http://learnityframework.org/"
	xsi:schemaLocation="http://learnityframework.org/ http://localhost:8080/learnitymsme/xsd/Interface.xsd"
	id="LoginPage" title="LoginPage" type="Interface">
	<configuration createsession="true" checkrole="false"></configuration>
	<structure>

		<part id="accloginback" class="label"></part>

		<part id="acclogincompanyname_container" class="label"></part>
		<part id="acclogincompanyname" class="label"></part>


		<part id="loginmain_container" class="label"></part>

		<part id="acclogincompanylogo_container" class="label"></part>

		<part id="acclogincompanylogo" class="image"></part>

		<part id="login_container" class="label"></part>

		<part id="accfislabel" class="label"></part>

		<part id="accinputouter" class="label"></part>

		<part id="accinputinnerheader" class="label"></part>

		<part id="accsigninlogo" class="image"></part>

		<part id="accinputinner" class="label"></part>

		<part id="userid_container" class="label"></part>

		<part id="accuseridinputlabel" class="label"></part>

		<part id="accuseridinput_container" class="label"></part>

		<part id="accuseridinput" class="inputtext" tabindex="1"
			autocomplete="on"></part>

		<part id="password_container" class="label"></part>

		<part id="accpasswordinputlabel" class="label"></part>

		<part id="accpasswordinput_container" class="label"></part>

		<part id="accpasswordinput" class="password" tabindex="2"></part>

		<part id="accsigninbutton_container" class="label"></part>

		<part id="accsigninbutton" class="button"></part>

		<part id="incorrectuser_container" class="label"></part>

		<part id="incorrectuser" class="label"></part>

		<part id="accportallogo_container" class="label"></part>

		<part id="accportallogo" class="image"></part>

		<!-- <part id="accloginmessage" class="label"></part> -->

		<part id="accloginajax" class="ajaxcomponent"></part>
	</structure>
	<layout id="Loginlayout">

		<part id="accloginback"></part>
		<part id="acclogincompanyname_container" parent_id="accloginback"
			height="60px"></part>
		<part id="acclogincompanyname" parent_id="acclogincompanyname_container"></part>
		<part id="loginmain_container" parent_id="accloginback" height="500px"></part>
		<part id="acclogincompanylogo_container" parent_id="loginmain_container"></part>
		<part id="acclogincompanylogo" parent_id="acclogincompanylogo_container"></part>
		<part id="login_container" parent_id="loginmain_container"></part>
		<part id="accfislabel" parent_id="login_container"></part>
		<part id="accinputouter" parent_id="login_container"></part>
		<part id="accinputinnerheader" parent_id="accinputouter"></part>
		<part id="accsigninlogo" parent_id="accinputinnerheader"></part>
		<part id="accinputinner" parent_id="accinputouter"></part>
		<part id="userid_container" parent_id="accinputinner"></part>
		<part id="accuseridinputlabel" parent_id="userid_container"></part>
		<part id="accuseridinput_container" parent_id="userid_container"></part>
		<part id="accuseridinput" parent_id="accuseridinput_container"></part>
		<part id="password_container" parent_id="accinputinner"></part>
		<part id="accpasswordinputlabel" parent_id="password_container"></part>
		<part id="accpasswordinput_container" parent_id="password_container"></part>
		<part id="accpasswordinput" parent_id="accpasswordinput_container"></part>
		<part id="accsigninbutton_container" parent_id="accinputinner"></part>

		<part id="accsigninbutton" parent_id="accsigninbutton_container"></part>
		<part id="incorrectuser_container" parent_id="accinputinner"></part>
		<part id="incorrectuser" parent_id="incorrectuser_container"></part>

		<part id="accportallogo_container" parent_id="accloginback"
			height="60px"></part>

		<part id="accportallogo" parent_id="accportallogo_container"></part>

		<!-- <part id="accloginmessage" parent_id="accinputinner"></part> -->

		<part id="accloginajax" parent_id="accloginback"></part>

	</layout>
	<content id="Logincontent">
		<part id="accportallogo" value="portallogo" valuetype="reference"></part>
		<part id="accsigninlogo" value="signin" valuetype="reference"></part>
		<part id="acclogincompanylogo" value="msmelogo" valuetype="reference"></part>
		<part id="acclogincompanyname" value="MSME TOOLROOM KOLKATA eUNIVERSITY"
			valuetype="inline"></part>
		<part id="accfislabel" value="Learner Portal" valuetype="inline"></part>
		<part id="accuseridinputlabel" value="User ID" valuetype="inline"></part>
		<part id="accpasswordinputlabel" value="Password" valuetype="inline"></part>
		<part id="accsigninbutton" value="Sign In" valuetype="inline"></part>

	</content>
	<style id="Loginstyle">

		<part id="acclogincompanyname_container" value="row row-padding text-center"
			valuetype="reference"></part>

		<part id="acclogincompanyname" value="col-md-12 text-center"
			valuetype="reference"></part>

		<part id="acclogincompanyname" value="[CDATA[text-align:center;font-family:times;font-weight:normal;font-size:25px;color:black;]]" valuetype="inline"></part>

		<part id="loginmain_container" value="row" valuetype="reference"></part>

		<part id="loginmain_container" value="[CDATA[background-color: #6BB8EF;]]"
			valuetype="inline"></part>

		<part id="acclogincompanylogo_container" value="col-md-6 text-center"
			valuetype="reference"></part>

		<part id="acclogincompanylogo_container" value="[CDATA[padding-top: 175px;]]"
			valuetype="inline"></part>
		<part id="login_container" value="col-md-5" valuetype="reference"></part>

		<part id="login_container"
			value="[CDATA[margin-top: 125px;border: 1px solid black;border-radius:5px; background-color: #F7F7F7;]]"
			valuetype="inline"></part>

		<part id="accfislabel" value="col-md-12 row-padding" valuetype="reference"></part>

		<part id="accinputinnerheader" value="col-md-12 row-padding"
			valuetype="reference"></part>

		<part id="accinputinner" value="form-group form-horizontal col-md-12"
			valuetype="reference"></part>

		<part id="userid_container" value="row row-padding" valuetype="reference"></part>

		<part id="accuseridinputlabel" value="col-md-2 control-label"
			valuetype="reference"></part>

		<part id="accuseridinput_container" value="col-md-8" valuetype="reference"></part>

		<part id="password_container" value="row row-padding" valuetype="reference"></part>

		<part id="accpasswordinputlabel" value="col-md-2 control-label"
			valuetype="reference"></part>

		<part id="accpasswordinput_container" value="col-md-8" valuetype="reference"></part>

		<part id="accsigninbutton_container" value="row row-padding text-right col-md-10"
			valuetype="reference"></part>

		<part id="incorrectuser_container" value="row row-padding text-center col-md-10"
			valuetype="reference"></part>

		<part id="accportallogo_container" value="row row-padding text-center"
			valuetype="reference"></part>

		<part id="accpasswordinput" value="form-control" valuetype="reference"></part>

		<part id="accuseridinput" value="form-control" valuetype="reference"></part>

		<part id="accsigninbutton" value="btn btn-primary" valuetype="reference"></part>

		</style>

	<behaviour id="Loginbehaviour">
		<part id="accpasswordinput">
			<event name="onkeypress" type="simple" function="checkEnter"
				valuetype="inline" parameter="event" resourceid="loginj" ></event>
		</part>
		<part id="accsigninbutton">
			<event name="onclick" type="simple" function="login_onclick"
				valuetype="inline" resourceid="loginj"></event>
		</part>
	</behaviour>

	<resource>
		<resourceitem id="portallogo" href="LearnITy-Portal.gif"
			valuetype="image"></resourceitem>
		<resourceitem id="signin" href="SignIn.gif" valuetype="image"></resourceitem>
		<resourceitem id="msmelogo" href="msmelogo.jpg"
			valuetype="image"></resourceitem>
		<resourceitem id="loginj" href="loginjs.js" valuetype="js"></resourceitem>
	</resource>
</interface>