<interface xmlns:xsi="http://www.w3.org/2001/XMLSchema-instance"
	xmlns="http://learnityframework.org/"
	xsi:schemaLocation="http://learnityframework.org/ http://localhost:8080/learnitymsme/xsd/Interface.xsd"
	id="GroupUserReg" title="GroupUserReg" type="Interface">
	<structure>
		<part id="BodyDiv" class="label"></part>
		<part id="GroupUserRegAjaxComp" class="ajaxcomponent"></part>
		<part id="GroupNameLabel" class="label"></part>
		<part id="GroupUserRegGrid" class="Conditionalgrid"
			editurl="./interfaceenginev2.DBGridQueryEditorServletForMulti?interface_id=GroupUserReg&amp;part_id=GroupUserRegGrid"
			caption="Currently Registered Units For the Above Group" sortname="student_id"
			sortorder="desc" gridnavbar="true" resetSearchOnClose="false">

			<selector id="group_id" class="combo" contentid="GroupUserRegContent"
				behaviourid="GroupUserRegBehaviour" domaintype="query"
				value="select a.group_id, a.group_name from student_group a"
				gridrefresh="true"></selector>

			<column head="Group Id" name="group" index="1" width="150"
				editable="true" hidden="true" key="true" required="false">
				<edit type="text" size="30"></edit>
			</column>

			<column head="Student Id" name="student" index="2" width="150"
				editable="false" hidden="false" key="true" required="false">
				<edit type="text" size="30"></edit>
			</column>

			<column head="User Name" name="student_id" index="3" width="500"
				editable="true" hidden="false" key="false" required="false">
				<edit type="select" size="30" multiple="true" editdomaintype="query"
					value="select sd.student_id,concat(sd.first_name,\' \',sd.middle_name,\' \',sd.sname) from student_details sd,user_role ur where ur.user_id=sd.student_id and ur.role_id!=2"></edit>
			</column>

			<loadquery
				value="select a.group_id,a.student_id,concat(b.first_name,\' \',b.middle_name,\' \',b.sname) from student_group_association a, student_details b where a.group_id=%group_id% and a.student_id=b.student_id"></loadquery>

			<delete>
				<!-- <validations>
					<validation type="query">
						<validationquery id="1"
							sql="[CDATA[select 1 from dual]]"
							message="You cannot delete."></validationquery>
					</validation>

				</validations> -->
				<queries>
					<query id="1"
						sql="[CDATA[delete from user_forum_association where forum_id In (select forum_id from group_forum_association where group_id=%group%) and student_id=%student%]]"
						parameter="student,group"></query>
				</queries>
				<queries>
					<query id="2"
						sql="[CDATA[delete from usergroup_course_registration where student_id=%student% and course_id In (select course_id from group_course_registration where group_id=%group%)]]"
						parameter="student,group"></query>
				</queries>
				<queries>
					<query id="3"
						sql="[CDATA[delete from course_learner_login_info where   course_id In (select course_id from group_course_registration where group_id=%group%) and student_id=%student%]]"
						parameter="student,group"></query>
				</queries>
				<queries>
					<query id="4"
						sql="[CDATA[delete from calendar_authorization where calendar_id In (select calendar_id from calendar_group_association where group_id=%group%) and student_id=%student%]]"
						parameter="student,group"></query>
				</queries>
				<queries>
					<query id="5"
						sql="[CDATA[delete from student_group_association where group_id=%group% and student_id=%student%]]"
						parameter="group,student"></query>
				</queries>
				<queries>
					<query id="6"
						sql="[CDATA[delete from userscoinfo where unit_id in (select unit_id from unit_group_association where group_id=%group_id) and user_id=%student%]]"
						parameter="group,student"></query>
				</queries>
			</delete>
			<add>
				<!-- <validations>
					<validation type="query">
						<validationquery id="1"
							sql="[CDATA[select 1 from dual]]"
							message="You cannot add."></validationquery>
					</validation>

				</validations> -->
				<queries>
					<query id="1"
						sql="[CDATA[insert into student_group_association values(%group_id%,%student_id%)]]"
						parameter="group_id,student_id"></query>
				</queries>
				<queries>
					<query id="2"
						sql="[CDATA[insert into  userscoinfo(user_id,unit_id,sco_id,launch,prerequisites,sequence,type,lessonstatus) values(%student_id%,(select a.CourseID from ItemInfo a,course_group_association b where a.CourseID=b.course_id and b.group_id=%group_id%),(select a.Identifier from ItemInfo a,course_group_association b where a.CourseID=b.course_id and b.group_id=%group_id%),(select a.Launch from ItemInfo a,course_group_association b where  a.CourseID=b.course_id and b.group_id=%group_id%),(select a.Prerequisites from ItemInfo a,course_group_association b where a.CourseID=b.course_id and b.group_id=%group_id%),(select a.Sequence from ItemInfo a,course_group_association b where a.CourseID=b.course_id and b.group_id=%group_id%),(select a.Type from ItemInfo a,course_group_association b where a.CourseID=b.course_id and b.group_id=%group_id%),\'Not Submitted\')]]"
						parameter="group_id,student_id"></query>
				</queries>
				<queries>
					<query id="3"
						sql="[CDATA[Insert into usergroup_course_registration(course_id, student_id, registration_by,registration_date,access_allowed_till,total_access_time) values ((select course_id from group_course_registration where group_id=%group_id%),%student_id%,(select access_allowed_till from group_course_registration where group_id=%group_id%),(select total_access_time from group_course_registration where group_id=%group_id%))]]"
						parameter="group_id,student_id"></query>
				</queries>
				<queries>
					<query id="4"
						sql="[CDATA[Insert into user_forum_association(forum_id, student_id, registered_by) values ((select forum_id from group_forum_association where group_id=%group_id%),%student_id%,(select registered_by from group_forum_association where group_id=%group_id%))]]"
						parameter="group_id,student_id"></query>
				</queries>
				<queries>
					<query id="5"
						sql="[CDATA[Insert into calendar_authorization(calendar_id, student_id) values ((select calendar_id from calendar_group_association where group_id=%group_id%),%student_id%)]]"
						parameter="group_id,student_id"></query>
				</queries>
			</add>
		</part>
	</structure>

	<layout id="GroupUserRegLayout">
		<part id="BodyDiv"></part>
		<part id="GroupNameLabel" left="0px" top="10px" position="absolute"
			parent_id="BodyDiv"></part>
		<part id="group_id" left="115px" top="8px" position="absolute"
			parent_id="BodyDiv"></part>
		<part id="GroupUserRegGrid" left="0px" top="50px" position="absolute"
			parent_id="BodyDiv"></part>
	</layout>

	<content id="GroupUserRegContent">
<!--		<part id="GroupNameLabel" valuetype="cdata" value="<![CDATA[Group Name:]]>"</part> -->  
		<part id="GroupNameLabel" value="dummy" valuetype="cdata"><![CDATA[Group Name:]]></part>

	</content>

	<behaviour id="GroupUserRegBehaviour">
		<part id="GroupUserRegAjaxComp">
			<event name="ajax" type="simple" javaclass="PortalEngine"></event>
		</part>
		<part id="root">
			<event name="onunload" function="ClearSelectorValuesFromSession()" resourceid="clearjs"></event>
		</part>
	</behaviour>

	<resource>
		<resourceitem id="clearjs" href="clearjs.js" valuetype="js"></resourceitem>
	</resource>
</interface>
