<interface xmlns:xsi="http://www.w3.org/2001/XMLSchema-instance"
	xmlns="http://learnityframework.org/"
	xsi:schemaLocation="http://learnityframework.org/ http://localhost:8080/learnitymsme/xsd/Interface.xsd"
	id="ForumRegByGroup" title="LMS Forum Registration By Group" type="Interface">
	<structure>
		<part id="BodyDiv" class="label"></part>
		<part id="ForumRegByGroupAjaxComp" class="ajaxcomponent" ></part>
		<part id="GridSelectorContainer" class="label"></part>
		<part id="forum_name_label" class="label"></part>
		
		<part id="ForumRegByGroupAdminGrid" class="Conditionalgrid" 
		      caption="Currently Registered Groups for the above Forum">
			<selector id="forum_id" class="combo" contentid="ForumRegByGroupAdminContent" 
			          behaviourid="ForumRegByGroupAdminBehaviour" domaintype="query" 
					  value="select forum_id,forum_name from forum" gridrefresh="true"></selector>
			
			<column head="Group Id" name="group_id" index="1" width="105" editable="true" hidden="true" key="true" required="false">
				<edit type="text" size="40"></edit>
			</column>
			<column head="Group Name" name="group_name" index="2" width="205" editable="true" hidden="false" key="false" required="true">
				<edit type="select" size="10" multiple="true" editdomaintype="query" 
				value="select group_id, group_name from student_group order by group_name"></edit>
			</column>
			<column head="Date Registered" name="date_registration" index="3" width="205" editable="false" hidden="false" key="false" required="true">
				<edit type="text" size="30"></edit>
			</column>
			<column head="Registered By" name="registered_by" index="4" width="205" editable="false" hidden="false" key="false" required="false">
				<edit type="text" size="30"></edit>
			</column>
			
						
			<loadquery value="select a.group_id,b.group_name,a.date_registration,a.registered_by 
			                  from group_forum_association a, student_group b 
							  where forum_id=%forum_id% and a.group_id=b.group_id"></loadquery>
			<delete>
				<queries>
					<query id="1" sql="[CDATA[delete from group_forum_association 
					                          where group_id=%group_id% and forum_id =%forum_id%]]" 
								parameter="group_id,forum_id"></query>
				</queries>					
			</delete>
			<add>
				<queries>
					<query id="1" sql="[CDATA[insert into group_forum_association
					                         (group_id, forum_id, registered_by, date_registration) 
											 values (%group_name%,%forum_id%,%current_login_user_id%,sysdate())]" 
								parameter="forum_id,current_login_user_id,group_name"></query>
				</queries>
				
			</add>
			
		</part>
		<part id="clrbtn" class="button"></part>
	</structure>
	
	
	
	
	<layout id="ForumRegByGroupAdminLayout">
		<part id="BodyDiv"></part>
		<part id="GridSelectorContainer" parent_id="BodyDiv"></part>
		<part id="forum_name_label" parent_id="GridSelectorContainer"></part>
		<part id="forum_id" parent_id="GridSelectorContainer"></part>
		<part id="ForumRegByGroupAdminGrid" parent_id="BodyDiv"></part>
		<part id="clrbtn" parent_id="BodyDiv"></part>
		<part id="ForumRegByGroupAjaxComp" parent_id="BodyDiv"></part>
	</layout>
	
	<content id="ForumRegByGroupAdminContent">
		<part id="forum_name_label" value="Select Forum :" valuetype="inline"></part>
		<part id="clrbtn" value="Unregister All Groups" valuetype="inline"></part>
	</content>

	<style id="forumreggroupstyle">
		<part id="BodyDiv" value="FlexColumnContainer" valuetype="reference"></part>
		
		<part id="GridSelectorContainer" value="FlexRowContainer" valuetype="reference"></part>
		
		<part id="forum_name_label" value="FlexRowContainerItem" valuetype="reference"></part>

		<part id="forum_id" value="FlexRowContainerItem" valuetype="reference"></part>

		<part id="ForumRegByGroupAdminGrid" value="FlexColumnContainerItem" valuetype="reference"></part>
		
		<part id="clrbtn" value="FlexColumnContainerItem" valuetype="reference"></part>
	</style>

	<behaviour id="ForumRegByGroupAdminBehaviour">
		<part id="ForumRegByGroupAjaxComp">
			<event name="ajax" javaclass="ForumUtil"></event>
		</part>
		<part id="clrbtn">
			<event name="onclick" type="simple" function="unregisterAll" valuetype="jsevent" resourceid="forumreggroup"></event>
		</part>
	</behaviour>
	<resource>
		<resourceitem id="forumreggroup" href="forumreggroup.js" valuetype="js"></resourceitem>
	</resource>

</interface>