<?xml version="1.0" encoding="UTF-8"?>
<roles xmlns="http://learnityframework.org/">
    <role id="DEFAULT">
        <interface id="LoginPage">
            <layout id="Loginlayout"/>
            <content id="Logincontent"/>
            <style id="Loginstyle"/>
            <behaviour id="Loginbehaviour"/>
        </interface>
    </role>
    <role id="STUDENT">
        <interface id="ChangePassword">
            <layout id="ChangePasswordLay"/>
            <content id="ChangePasswordCont"/>
            <style id="ChangePasswordstyle"/>
            <behaviour id="ChangePasswordBeha"/>
        </interface>
        <interface id="ChangeProfile">
            <layout id="ChangeProfileLay"/>
            <content id="ChangeProfileCont"/>
            <style id="ChangeProfilestyle"/>
            <behaviour id="ChangeProfileBeha"/>
        </interface>
        <interface id="LearnityPortal">
            <layout id="Portallayout"/>
            <content id="Portalcontent"/>
            <style id="Portalstyle"/>
            <behaviour id="Portalbehaviour"/>
        </interface>
        <interface id="PortalUnit">
            <layout id="portalunitstudentlayout"/>
            <style id="portalunitstyle"/>
            <behaviour id="portalunitbehaviour"/>
        </interface>
       <interface id="DeliveryEngine">
            <layout id="DeliveryEnginelayout"/>
            <content id="DeliveryEnginecontent"/>
            <style id="DeliveryEnginestyle"/>
            <behaviour id="DeliveryEnginebehaviour"/>
        </interface>
       <interface id="DeliveryHomePage">
            <layout id="DeliveryHomePageLayout"/>
            <behaviour id="DeliveryHomePageBehaviour"/>
        </interface>
    </role>
    <role id="ADMIN">
        <interface id="LearnityAdmin">
            <layout id="adminPrime"/>
            <content id="adminPrimeContent"/>
            <style id="adminPrimeStyle"/>
            <behaviour id="adminPrimeBehaviour"/>
        </interface>
        <interface id="UserCreation">
            <layout id="usercreationlay"/>
            <content id="usercreationcontent"/>
            <style id="UserCreationStyle"/>
            <behaviour id="usercreationbehaviour"/>
        </interface>
        <interface id="ShowUserProfile">
            <layout id="ShowUserProfilelay"/>
            <content id="ShowUserProfilecontent"/>
            <style id="ShowUserProfilestyle"/>
            <behaviour id="ShowUserProfilebehaviour"/>
        </interface>
        <interface id="UserRoleAssociation">
            <layout id="roleassociationlay"/>
        </interface>
        <interface id="ChangeProfile">
            <layout id="ChangeProfileLay"/>
            <content id="ChangeProfileCont"/>
            <style id="ChangeProfilestyle"/>
            <behaviour id="ChangeProfileBeha"/>
        </interface>
         <interface id="ChangePassword">
            <layout id="ChangePasswordLay"/>
            <content id="ChangePasswordCont"/>
            <style id="ChangePasswordstyle"/>
            <behaviour id="ChangePasswordBeha"/>
        </interface>
        <interface id="UserChart">
            <layout id="userChartLay"/>
            <content id="userChartCont"/>
        </interface>
        <interface id="UserGroupAdmin">
            <layout id="UserGroupAdminLayout"/>
        </interface>
        <interface id="GroupUserReg">
            <layout id="GroupUserRegLayout"/>
            <content id="GroupUserRegContent"/>
            <behaviour id="GroupUserRegBehaviour"/>
        </interface>
       <interface id="UserAccessMgmt">
            <layout id="UserAccessMgmtLayout"/>
            <content id="UserAccessMgmtContent"/>
            <behaviour id="UserAccessMgmtBehaviour"/>
        </interface>
       <interface id="GroupAccessMgmt">
            <layout id="GroupAccessMgmtLayout"/>
            <content id="GroupAccessMgmtContent"/>
            <behaviour id="GroupAccessMgmtBehaviour"/>
        </interface>
       <interface id="DynaInfoBy">
            <layout id="DynaInfoByLayout"/>
            <content id="DynaInfoByContent"/>
            <behaviour id="DynaInfoByBehaviour"/>
        </interface>
       <interface id="userReport">
            <layout id="userReportLay"/>
            <content id="userReportCont"/>
            <behaviour id="userReportBeha"/>
        </interface>
       <interface id="ManageUnitAdmin">
            <layout id="ManageUnitAdminLayout"/>
        </interface>
       <interface id="UnitRegByUser">
            <layout id="UnitRegByUserLayout"/>
            <content id="UnitRegByUserContent"/>
            <behaviour id="UnitRegByUserBehaviour"/>
        </interface>
       <interface id="UnitRegByGroup">
            <layout id="UnitRegByGroupLayout"/>
            <content id="UnitRegByGroupContent"/>
            <behaviour id="UnitRegByGroupBehaviour"/>
        </interface>
       <interface id="ManageUnitInformation">
            <layout id="ManageUnitInformationLayout"/>
            <content id="ManageUnitInformationContent"/>
            <behaviour id="ManageUnitInformationBehaviour"/>
        </interface>
       <interface id="ManageUnitHomePage">
            <layout id="defaultLayout"/>
            <content id="defaultContent"/>
            <style id="defaultStyle"/>
            <behaviour id="defaultBehaviour"/>
        </interface>
       <interface id="unitImportExport">
            <layout id="unitImportExportPrime"/>
            <content id="unitImportExportPrimeContent"/>
            <style id="unitImportExportPrimeStyle"/>
            <behaviour id="unitImportExportPrimeBehaviour"/>
        </interface>
       <interface id="DeliveryEngine">
            <layout id="DeliveryEnginelayout"/>
            <content id="DeliveryEnginecontent"/>
            <style id="DeliveryEnginestyle"/>
            <behaviour id="DeliveryEnginebehaviour"/>
        </interface>
       <interface id="DeliveryHomePage">
            <layout id="DeliveryHomePageLayout"/>
            <behaviour id="DeliveryHomePageBehaviour"/>
        </interface>
       <interface id="ForumAdmin">
            <layout id="falayout"/>
            <content id="facontent"/>
            <style id="fastyle"/>
            <behaviour id="faevents"/>
        </interface>
        <interface id="ForumMsgMgmt">
            <layout id="ForumMsgMgmtAdminLayout"/>
            <content id="ForumMsgMgmtAdminContent"/>
            <style id="ForumMsgMgmtAdminStyle"/>
            <behaviour id="ForumMsgMgmtAdminBehaviour"/>
        </interface>
        <interface id="ForumRegByUser">
            <layout id="ForumRegByUserAdminLayout"/>
            <content id="ForumRegByUserAdminContent"/>
            <style id="forumreguserstyle"/>
            <behaviour id="ForumRegByUserAdminBehaviour"/>
        </interface>
   </role>
</roles>
