<?xml version="1.0" encoding="UTF-8"?>
<manifest id="MSMELMS" title="MSMELMS" xmlns="http://learnityframework.org/">
    <interface id="ChangePassword" title="Change LMS Admin Password"
        type="Interface" zip="ChangePassword.zip"/>
    <interface id="ChangeProfile" title="LMS Change Admin Profile"
        type="Interface" zip="ChangeProfile.zip"/>
    <interface id="DynaInfoBy"
        title="Information about currently logged in LMS Users"
        type="Interface" zip="DynaInfoBy.zip"/>
    <interface id="GroupAccessMgmt" title="LMS Group Access Mgmt"
        type="Interface" zip="GroupAccessMgmt.zip"/>
    <interface id="GroupUserReg" title="LMS Group User Registration"
        type="Interface" zip="GroupUserReg.zip"/>
    <interface id="LearnityAdmin" title="LMS Administration"
        type="Interface" zip="LearnityAdmin.zip"/>
    <interface id="LearnityPortal" title="LearnityPortal"
        type="Interface" zip="LearnityPortal.zip"/>
    <interface id="LoginPage" title="LoginPage" type="Interface" zip="LoginPage.zip"/>
    <interface id="ManageUnitAdmin" title="LMS Unit Administration"
        type="Interface" zip="ManageUnitAdmin.zip"/>
    <interface id="ManageUnitInformation"
        title="Manage LMS Unit Information" type="Interface" zip="ManageUnitInformation.zip"/>
    <interface id="PortalUnit" title="PortalUnit"
        type="InterfaceFragment" zip="PortalUnit.zip"/>
    <interface id="ShowUserProfile" title="LMS User Profile Change"
        type="Interface" zip="ShowUserProfile.zip"/>
    <interface id="UnitRegByGroup"
        title="LMS Unit Registration By Group" type="Interface" zip="UnitRegByGroup.zip"/>
    <interface id="UnitRegByUser" title="LMS Unit Registration By User"
        type="Interface" zip="UnitRegByUser.zip"/>
    <interface id="UserAccessMgmt" title="LMS User Access Mgmt"
        type="Interface" zip="UserAccessMgmt.zip"/>
    <interface id="UserChart" title="Chart of active/inactive LMS users"
        type="Interface" zip="UserChart.zip"/>
    <interface id="UserCreation" title="LMS User Creation"
        type="Interface" zip="UserCreation.zip"/>
    <interface id="UserGroupAdmin" title="LMS User Group Administration"
        type="Interface" zip="UserGroupAdmin.zip"/>
    <interface id="userReport" title="Report about LMS user accounts"
        type="Interface" zip="userReport.zip"/>
    <interface id="UserRoleAssociation"
        title="LMS User Role Association" type="Interface" zip="UserRoleAssociation.zip"/>
</manifest>
<!--XML is generated on Thu Mar 24 11:55:14 IST 2016-->
